0.0023861104	0.0052907886	0.033516206	0.40987507	0.0358097	0.0017032104	0.00077327294	0.04404363
0.62438005	0.0006739821	0.06549738	0.000892505	0.00077188323	0.002783906	0.0010954072	0.9887722
0.0012276173	0.007071579	0.010172485	0.0011019469	0.9928247	0.0027421243	0.60658675	0.0021501961
0.00052538374	0.00061279495	0.1565886	0.002987052	0.06506958	0.37290087	0.0017305276	0.0006684096
0.0015101215	0.002599826	0.9947102	0.0019121023	0.019282736	0.837867	0.009395391	9.334243e-05
0.0006222572	0.0036454692	0.9757279	0.0006816152	0.003662297	0.042094324	0.7280938	0.00046116274
0.0012855392	0.0020738728	0.017191753	0.0051359995	0.99043286	0.0021160145	0.986778	0.0022573692
0.0001886562	0.09095495	0.9414074	0.0019259665	0.00037167195	0.12536824	0.8810403	0.0053250757
0.0041984203	0.0015928296	0.29466516	0.013247071	0.0008331219	0.008793511	0.013710585	0.9916134
0.00018804667	0.000144601	0.35833475	0.0019984324	0.00078556564	0.9156795	0.958532	0.0012768721
0.0008142984	0.0005878758	0.016608428	0.00053354335	0.00048003747	0.99900097	0.0022909893	0.00073478185
0.0008001175	0.9915473	0.0773171	0.0014714769	0.00071274076	0.99911386	0.97978735	0.0026737396
0.005119572	0.00052537525	0.9379501	0.30809972	0.01549061	0.0005669176	0.001864021	0.0056590573
0.51126045	0.002127686	0.0023519157	0.00097527745	0.0002722727	0.5560232	0.07506444	0.99324566
0.0032943913	0.0041194665	0.008043716	0.0019932315	0.9972976	0.001129273	0.014994662	0.0006442659
0.002614721	0.0026417847	0.9990108	0.0004093075	0.015686907	0.005636532	0.0033448644	0.00025601106
0.00040149904	0.046974085	0.9248435	0.00036254773	0.0022631246	0.9539719	0.9885633	0.00016093097
0.0041930033	0.99555665	0.0026973241	0.00096419395	0.0008946727	0.9878285	0.012335462	0.053093772
0.00038522575	0.0016315574	0.011456678	0.00076715864	0.0013186433	0.99486035	0.0004993958	0.0008504392
0.00702578	0.09009427	0.1453245	0.0027579959	0.0076696267	0.028393473	0.0023305968	0.0442978
0.0010037338	0.0023990532	0.9892	0.86509275	0.13137752	0.00038034897	0.0032877892	0.0012991899
0.9716755	0.0016422895	0.003276816	0.0017871717	0.0028764985	0.002086547	0.0028387804	0.99764735
0.0022815275	0.011382778	0.20106371	0.0011341296	0.004044488	0.52722996	0.998382	0.0736177
0.006224147	0.011053501	0.9996055	0.0035511286	0.006459489	0.18417165	0.0029727053	0.00029004275
0.0014744505	0.0021212557	0.9971373	0.0015892506	0.0042457823	0.0029772085	0.997471	0.0016420512
0.01418503	0.00047627432	0.9682819	0.0011933004	0.001730993	0.00037926252	0.0009262533	0.3150493
0.0009285335	0.009480867	0.3437944	0.00531646	0.00022144764	0.21033607	0.16544792	0.758604
0.0008713739	0.3466845	0.022437675	0.0011299595	0.00013954703	0.9791078	0.14454557	0.799307
0.0004679733	0.07333408	0.0024982009	0.00029180234	0.0177197	0.88995546	0.584883	9.8528966e-05
0.00015737038	0.00031792163	0.797259	0.0008204612	0.0007785043	0.95028764	0.7848687	0.0003795544
0.00057506346	0.026545133	0.9988213	0.0042923656	0.0013164863	0.07776521	0.008944195	0.0011930777
0.0015107407	0.040216457	0.8973255	0.00031846558	0.0008597108	0.99243027	0.10513	0.00014189383
0.0006558825	0.00076999416	0.9963217	0.0027172342	0.0022173424	0.9520128	0.001758468	0.0007834444
0.01882183	0.97819877	0.8399833	0.0026996955	0.07527207	0.01989604	0.0008585025	0.0008841374
0.00036900592	0.0024196038	0.73330206	0.30469793	0.0072682425	0.0011047202	0.0033248323	0.09042418
0.00037931403	0.32748377	0.5692721	0.0009701756	0.00013798673	0.9988067	0.0833595	0.0019303673
0.00014756188	0.0012121802	0.09651408	0.00033166417	0.008388632	0.855329	0.8199645	0.00035473754
0.0018260152	0.0029721034	0.9957105	0.0024282304	0.000919647	0.996863	0.002209156	0.0006170436
0.00063323014	0.0010441417	0.45530862	0.035881907	0.98693454	0.0006817484	0.028733296	0.0011938689
0.0004902131	0.020957733	0.9800704	0.000995488	0.0007692372	0.67551905	0.00041528253	0.0003392447
0.0027558592	0.0013177703	0.99610126	0.0024083322	0.0007286991	0.99482816	0.0022291788	0.0008929933
0.0043437285	0.006756621	0.7669534	0.000630518	0.00036359183	0.9984066	0.010922004	0.0006039016
0.00028869754	0.013708077	0.6310404	0.00048351663	0.0003159829	0.99547845	0.97443557	0.0013042568
0.00073484733	0.00028032615	0.9784864	0.00042212784	0.001325747	0.0632316	0.0070523727	0.0009958327
0.0008594491	0.0008551833	0.0022576475	0.0003484622	0.0012873576	0.9991804	0.23273905	0.0016118484
0.0014059813	0.0011679567	0.11992637	0.81130326	0.013038083	0.02135944	0.000959288	0.098291315
0.0007715097	0.0008161527	0.9990037	0.0013299773	0.0005130302	0.017463172	0.00836878	0.0017201435
0.00060959446	0.00091142935	0.011957425	0.0008022055	0.0006763219	0.97690237	0.99925584	0.007390631
0.0022656831	0.004099501	0.9969752	0.0005945615	0.009240235	0.45260862	0.0034209446	0.00047980648
0.0039927163	0.0016277613	0.00810108	0.0021850741	0.99090844	0.004505111	0.9960354	0.0020441727
0.00054389465	0.0012976156	0.9968618	0.0005329911	0.0043419716	0.019454688	0.9751614	0.00042511715
0.0020626758	0.0018494731	0.007421277	0.0016814073	0.9913687	0.0033580365	0.99034494	0.0018547315
0.0014202292	0.002353002	0.9993924	0.00064957	0.0009818083	0.01007919	0.0020634788	0.00073953625
0.00223613	0.005456798	0.056421466	0.0016680078	0.00044214912	0.95803267	0.4411475	0.94082516
0.0022992045	0.0031124507	0.0055450895	0.0031601696	0.9949085	0.0024906893	0.99446434	0.002976286
0.0007955756	0.001683392	0.0025152878	0.0008091099	0.0013939515	0.99760604	0.998483	0.0009028449
0.008696256	0.696955	0.96181315	0.0007287498	0.0031176202	0.033749584	0.00086432154	0.00071418757
0.0008162313	0.00080995046	0.92305547	0.00089003507	0.00058355345	0.9979513	0.0019631754	0.0006889012
0.00056003407	0.011167473	0.97745377	0.00019150543	0.00012369864	0.81544685	0.7311477	0.0010204167
0.0006428074	0.0014275243	0.0053899484	0.0005887889	0.0005349182	0.9977139	0.9974809	0.0020691701
0.0006037183	0.20310703	0.054654803	0.005771618	0.0012519892	0.945869	0.0035478484	0.09049038
0.005026852	0.06254237	0.9902092	0.00064859417	0.00075789075	0.9612579	0.010847056	0.00025954226
0.000803536	0.02214431	0.0013113429	0.00082258385	0.0010423821	0.9983348	0.99850583	0.002184494
0.00032286652	0.0062275724	0.098188534	0.0002798548	0.003482428	0.9956827	0.10525873	0.00046438456
0.0005771344	0.0014324458	0.9986841	0.0067098765	0.00041324086	0.25389826	0.002057494	0.00052270415
0.010487002	0.9942696	0.95264554	0.0007797818	0.00077967247	0.91688526	0.011479667	0.00039631862
0.98954153	0.0018020398	0.0052074236	0.002208949	0.00249396	0.0024711145	0.001927751	0.9972042
0.00032019903	0.034700308	0.63242716	0.0007947274	0.00030965757	0.9983432	0.9451302	0.000536643
0.0013684949	0.068689965	0.48722345	0.003828617	0.0019958853	0.5164045	0.7666707	0.27683055
0.0038723971	0.00027371856	0.08338702	0.00035591927	0.4612818	0.03456659	0.92492193	0.003602001
0.0019227145	0.0050038085	0.9841068	0.0021396484	0.004089905	0.18444265	0.00035156243	0.0011071988
0.0066807303	0.0022084708	0.9975109	0.00078312197	0.006461962	0.93992966	0.0025154613	0.00046310743
0.0038752544	0.0022610163	0.0048703537	0.0022730455	0.9980038	0.0019045859	0.86419404	0.002115352
0.0011622787	0.0016054414	0.9965456	0.0034685226	0.0006233289	0.9933687	0.005555858	0.0005143461
0.00026584856	0.014545644	0.98562557	0.002744197	0.000290626	0.9950433	0.5482855	0.00077675475
0.00028426145	0.0014980555	0.4307192	0.00042167175	0.0007834892	0.9898751	0.990202	0.00027105768
0.0025308789	0.00035217998	0.34108236	0.0017778609	0.9565698	0.0023733715	0.90042955	0.0005462791
0.0026230498	0.32152122	0.39702007	0.0014061602	8.466607e-05	0.8936553	0.047601238	0.33772004
0.0003323545	0.025410684	0.120673224	0.0003256888	0.00039957577	0.9830362	0.9940432	0.043319188
0.0027894645	0.9912889	0.020010721	0.0031880944	0.0008007842	0.9985967	0.6996558	0.03216717
0.00053586764	0.0053616785	0.9993135	0.001377711	0.0001967251	0.039482206	0.033930365	0.0041994313
0.0015186114	0.57219464	0.09402925	0.0005834987	0.00052557455	0.99728596	0.0016872822	0.0011234425
0.0026272708	0.0012643624	0.005025223	0.0015876234	0.9981013	0.0018826742	0.006605648	0.00143504
0.0009223947	0.0011108626	0.74787265	0.0010411564	0.7640616	0.0039340095	0.9922605	0.00040393358
0.0010874314	0.0020229253	0.058123153	0.00049307174	0.0006170133	0.999408	0.56580293	0.0011493
0.0014107446	0.00055174535	0.08588557	0.005868492	0.96799	0.002609466	0.0062334	0.0007109257
0.00047026438	0.0006747323	0.9987476	0.0044672815	0.002729166	0.013502143	0.91806585	0.0006299915
